metric,value,step
LR/Group-0,0.0009030000073835254,0.0
LR/Group-0,0.0016070000128820539,1.0
LR/Group-0,0.0020000000949949026,2.0
LR/Group-0,0.0019990000873804092,3.0
LR/Group-0,0.001998000079765916,4.0
LR/Group-0,0.0019970000721514225,5.0
LR/Group-0,0.001996000064536929,6.0
LR/Group-0,0.0019950000569224358,7.0
LR/Group-0,0.001993000041693449,8.0
LR/Group-0,0.0019910000264644623,9.0
LR/Group-0,0.0019890000112354755,10.0
LR/Group-0,0.001986999996006489,11.0
LR/Group-0,0.0019839999731630087,12.0
LR/Group-0,0.0019809999503195286,13.0
LR/Group-0,0.0019779999274760485,14.0
LR/Group-0,0.0019749999046325684,15.0
LR/Group-0,0.001972000114619732,16.0
LR/Group-0,0.0019680000841617584,17.0
LR/Group-0,0.001964000053703785,18.0
LR/Group-0,0.0019600000232458115,19.0
LR/Group-0,0.001955999992787838,20.0
LR/Group-0,0.0019509999547153711,21.0
LR/Group-0,0.0019470000406727195,22.0
LR/Group-0,0.0019420000026002526,23.0
LR/Group-0,0.0019369999645277858,24.0
LR/Group-0,0.0019310000352561474,25.0
LR/Group-0,0.0019259999971836805,26.0
LR/Group-0,0.0019199999514967203,27.0
LR/Group-0,0.001914000022225082,28.0
LR/Group-0,0.0019079999765381217,29.0
LR/Group-0,0.0019020000472664833,30.0
LR/Group-0,0.0018949999939650297,31.0
LR/Group-0,0.0018889999482780695,32.0
LR/Group-0,0.0018820000113919377,33.0
LR/Group-0,0.0018749999580904841,34.0
LR/Group-0,0.001867000013589859,35.0
LR/Group-0,0.0018599999602884054,36.0
LR/Group-0,0.0018520000157877803,37.0
LR/Group-0,0.0018439999548718333,38.0
LR/Group-0,0.0018360000103712082,39.0
LR/Group-0,0.0018279999494552612,40.0
LR/Group-0,0.001820000004954636,41.0
LR/Group-0,0.0018110000528395176,42.0
LR/Group-0,0.0018019999843090773,43.0
LR/Group-0,0.0017930000321939588,44.0
LR/Group-0,0.0017839999636635184,45.0
LR/Group-0,0.0017750000115484,46.0
LR/Group-0,0.0017659999430179596,47.0
LR/Group-0,0.0017559999832883477,48.0
LR/Group-0,0.0017460000235587358,49.0
LR/Group-0,0.0017359999474138021,50.0
LR/Group-0,0.0017259999876841903,51.0
LR/Group-0,0.0017160000279545784,52.0
LR/Group-0,0.0017059999518096447,53.0
LR/Group-0,0.0016949999844655395,54.0
LR/Group-0,0.0016850000247359276,55.0
LR/Group-0,0.0016740000573918223,56.0
LR/Group-0,0.0016629999736323953,57.0
LR/Group-0,0.00165200000628829,58.0
LR/Group-0,0.0016400000313296914,59.0
LR/Group-0,0.0016289999475702643,60.0
LR/Group-0,0.001617999980226159,61.0
LR/Group-0,0.0016060000052675605,62.0
LR/Group-0,0.0015940000303089619,63.0
LR/Group-0,0.0015820000553503633,64.0
LR/Group-0,0.0015699999639764428,65.0
LR/Group-0,0.0015579999890178442,66.0
LR/Group-0,0.0015460000140592456,67.0
LR/Group-0,0.001534000039100647,68.0
LR/Group-0,0.001521000056527555,69.0
LR/Group-0,0.0015089999651536345,70.0
LR/Group-0,0.0014959999825805426,71.0
LR/Group-0,0.0014830000000074506,72.0
LR/Group-0,0.0014700000174343586,73.0
LR/Group-0,0.0014570000348612666,74.0
LR/Group-0,0.0014440000522881746,75.0
LR/Group-0,0.0014309999532997608,76.0
LR/Group-0,0.0014179999707266688,77.0
LR/Group-0,0.0014049999881535769,78.0
LR/Group-0,0.0013920000055804849,79.0
LR/Group-0,0.0013780000153928995,80.0
LR/Group-0,0.0013650000328198075,81.0
LR/Group-0,0.0013510000426322222,82.0
LR/Group-0,0.0013370000524446368,83.0
LR/Group-0,0.001323999953456223,84.0
LR/Group-0,0.0013099999632686377,85.0
LR/Group-0,0.0012959999730810523,86.0
LR/Group-0,0.0012829999905079603,87.0
LR/Group-0,0.001269000000320375,88.0
LR/Group-0,0.0012550000101327896,89.0
LR/Group-0,0.0012410000199452043,90.0
LR/Group-0,0.001227000029757619,91.0
LR/Group-0,0.0012130000395700336,92.0
LR/Group-0,0.0011990000493824482,93.0
LR/Group-0,0.001184999942779541,94.0
LR/Group-0,0.0011709999525919557,95.0
LR/Group-0,0.0011569999624043703,96.0
LR/Group-0,0.0011419999646022916,97.0
LR/Group-0,0.0011279999744147062,98.0
LR/Group-0,0.0011139999842271209,99.0
LR/Group-0,0.0010999999940395355,100.0
LR/Group-0,0.0010860000038519502,101.0
LR/Group-0,0.0010720000136643648,102.0
LR/Group-0,0.0010580000234767795,103.0
LR/Group-0,0.0010430000256747007,104.0
LR/Group-0,0.0010290000354871154,105.0
LR/Group-0,0.00101500004529953,106.0
LR/Group-0,0.0010010000551119447,107.0
LR/Group-0,0.0009869999485090375,108.0
LR/Group-0,0.0009730000165291131,109.0
LR/Group-0,0.0009590000263415277,110.0
LR/Group-0,0.0009449999779462814,111.0
LR/Group-0,0.0009309999877586961,112.0
LR/Group-0,0.0009169999975711107,113.0
LR/Group-0,0.0009040000149980187,114.0
LR/Group-0,0.0008900000248104334,115.0
LR/Group-0,0.0008759999764151871,116.0
LR/Group-0,0.0008629999938420951,117.0
LR/Group-0,0.0008490000036545098,118.0
LR/Group-0,0.0008350000134669244,119.0
LR/Group-0,0.0008219999726861715,120.0
LR/Group-0,0.0008079999824985862,121.0
LR/Group-0,0.0007949999999254942,122.0
LR/Group-0,0.0007820000173524022,123.0
LR/Group-0,0.0007689999765716493,124.0
LR/Group-0,0.0007559999939985573,125.0
LR/Group-0,0.0007430000114254653,126.0
LR/Group-0,0.0007300000288523734,127.0
LR/Group-0,0.0007169999880716205,128.0
LR/Group-0,0.0007040000054985285,129.0
LR/Group-0,0.0006910000229254365,130.0
LR/Group-0,0.000678999989759177,131.0
LR/Group-0,0.000666000007186085,132.0
LR/Group-0,0.0006539999740198255,133.0
LR/Group-0,0.0006419999990612268,134.0
LR/Group-0,0.0006300000241026282,135.0
LR/Group-0,0.0006179999909363687,136.0
LR/Group-0,0.0006060000159777701,137.0
LR/Group-0,0.0005939999828115106,138.0
LR/Group-0,0.0005830000154674053,139.0
LR/Group-0,0.0005709999823011458,140.0
LR/Group-0,0.0005600000149570405,141.0
LR/Group-0,0.000547999981790781,142.0
LR/Group-0,0.0005370000144466758,143.0
LR/Group-0,0.0005259999888949096,144.0
LR/Group-0,0.0005159999709576368,145.0
LR/Group-0,0.0005050000036135316,146.0
LR/Group-0,0.0004939999780617654,147.0
LR/Group-0,0.0004839999892283231,148.0
LR/Group-0,0.00047400000039488077,149.0
LR/Group-0,0.00046400001156143844,150.0
LR/Group-0,0.00045399999362416565,151.0
LR/Group-0,0.0004440000047907233,152.0
LR/Group-0,0.00043399998685345054,153.0
LR/Group-0,0.0004250000056345016,154.0
LR/Group-0,0.00041599999531172216,155.0
LR/Group-0,0.0004070000140927732,156.0
LR/Group-0,0.0003980000037699938,157.0
LR/Group-0,0.00038899999344721437,158.0
LR/Group-0,0.0003800000122282654,159.0
LR/Group-0,0.00037200000951997936,160.0
LR/Group-0,0.0003640000068116933,161.0
LR/Group-0,0.00035600000410340726,162.0
LR/Group-0,0.0003480000013951212,163.0
LR/Group-0,0.00033999999868683517,164.0
LR/Group-0,0.0003330000035930425,165.0
LR/Group-0,0.00032500000088475645,166.0
LR/Group-0,0.00031800000579096377,167.0
LR/Group-0,0.0003110000106971711,168.0
LR/Group-0,0.00030499999411404133,169.0
LR/Group-0,0.00029799999902024865,170.0
LR/Group-0,0.00029200001154094934,171.0
LR/Group-0,0.0002859999949578196,172.0
LR/Group-0,0.0002800000074785203,173.0
LR/Group-0,0.0002739999908953905,174.0
LR/Group-0,0.0002690000110305846,175.0
LR/Group-0,0.0002629999944474548,176.0
LR/Group-0,0.0002579999854788184,177.0
LR/Group-0,0.0002530000056140125,178.0
LR/Group-0,0.00024900000425986946,179.0
LR/Group-0,0.00024399999529123306,180.0
LR/Group-0,0.00023999999393709004,181.0
LR/Group-0,0.00023600000713486224,182.0
LR/Group-0,0.00023200000578071922,183.0
LR/Group-0,0.0002280000044265762,184.0
LR/Group-0,0.00022499999613501132,185.0
LR/Group-0,0.00022200000239536166,186.0
LR/Group-0,0.00021899999410379678,187.0
LR/Group-0,0.00021600000036414713,188.0
LR/Group-0,0.00021300000662449747,189.0
LR/Group-0,0.00021100000594742596,190.0
LR/Group-0,0.00020900000527035445,191.0
LR/Group-0,0.00020700000459328294,192.0
LR/Group-0,0.00020500000391621143,193.0
LR/Group-0,0.00020399999630171806,194.0
LR/Group-0,0.00020300000323913991,195.0
LR/Group-0,0.00020199999562464654,196.0
LR/Group-0,0.0002010000025620684,197.0
LR/Group-0,0.00019999999494757503,198.0
LR/Group-0,0.00019999999494757503,199.0
Train/Loss,4.670000076293945,0.0
Train/Loss,4.150000095367432,1.0
Train/Loss,3.9200000762939453,2.0
Train/Loss,3.700000047683716,3.0
Train/Loss,3.5399999618530273,4.0
Train/Loss,3.4200000762939453,5.0
Train/Loss,3.319999933242798,6.0
Train/Loss,3.2300000190734863,7.0
Train/Loss,3.1600000858306885,8.0
Train/Loss,3.0899999141693115,9.0
Train/Loss,3.0299999713897705,10.0
Train/Loss,2.9800000190734863,11.0
Train/Loss,2.940000057220459,12.0
Train/Loss,2.9000000953674316,13.0
Train/Loss,2.869999885559082,14.0
Train/Loss,2.8299999237060547,15.0
Train/Loss,2.799999952316284,16.0
Train/Loss,2.759999990463257,17.0
Train/Loss,2.740000009536743,18.0
Train/Loss,2.7100000381469727,19.0
Train/Loss,2.680000066757202,20.0
Train/Loss,2.6700000762939453,21.0
Train/Loss,2.640000104904175,22.0
Train/Loss,2.619999885559082,23.0
Train/Loss,2.5999999046325684,24.0
Train/Loss,2.5799999237060547,25.0
Train/Loss,2.559999942779541,26.0
Train/Loss,2.549999952316284,27.0
Train/Loss,2.5399999618530273,28.0
Train/Loss,2.509999990463257,29.0
Train/Loss,2.5,30.0
Train/Loss,2.4800000190734863,31.0
Train/Loss,2.4700000286102295,32.0
Train/Loss,2.4600000381469727,33.0
Train/Loss,2.450000047683716,34.0
Train/Loss,2.440000057220459,35.0
Train/Loss,2.4200000762939453,36.0
Train/Loss,2.4100000858306885,37.0
Train/Loss,2.4000000953674316,38.0
Train/Loss,2.390000104904175,39.0
Train/Loss,2.380000114440918,40.0
Train/Loss,2.359999895095825,41.0
Train/Loss,2.359999895095825,42.0
Train/Loss,2.3499999046325684,43.0
Train/Loss,2.3399999141693115,44.0
Train/Loss,2.3299999237060547,45.0
Train/Loss,2.319999933242798,46.0
Train/Loss,2.299999952316284,47.0
Train/Loss,2.299999952316284,48.0
Train/Loss,2.2899999618530273,49.0
Train/Loss,2.2799999713897705,50.0
Train/Loss,2.2699999809265137,51.0
Train/Loss,2.259999990463257,52.0
Train/Loss,2.25,53.0
Train/Loss,2.25,54.0
Train/Loss,2.2300000190734863,55.0
Train/Loss,2.240000009536743,56.0
Train/Loss,2.2300000190734863,57.0
Train/Loss,2.2200000286102295,58.0
Train/Loss,2.2200000286102295,59.0
Train/Loss,2.2100000381469727,60.0
Train/Loss,2.200000047683716,61.0
Train/Loss,2.190000057220459,62.0
Train/Loss,2.180000066757202,63.0
Train/Loss,2.180000066757202,64.0
Train/Loss,2.1700000762939453,65.0
Train/Loss,2.1600000858306885,66.0
Train/Loss,2.1500000953674316,67.0
Train/Loss,2.140000104904175,68.0
Train/Loss,2.140000104904175,69.0
Train/Loss,2.140000104904175,70.0
Train/Loss,2.130000114440918,71.0
Train/Loss,2.119999885559082,72.0
Train/Loss,2.109999895095825,73.0
Train/Loss,2.119999885559082,74.0
Train/Loss,2.0999999046325684,75.0
Train/Loss,2.0899999141693115,76.0
Train/Loss,2.0999999046325684,77.0
Train/Loss,2.0899999141693115,78.0
Train/Loss,2.0799999237060547,79.0
Train/Loss,2.069999933242798,80.0
Train/Loss,2.069999933242798,81.0
Train/Loss,2.059999942779541,82.0
Train/Loss,2.049999952316284,83.0
Train/Loss,2.049999952316284,84.0
Train/Loss,2.0299999713897705,85.0
Train/Loss,2.0399999618530273,86.0
Train/Loss,2.0299999713897705,87.0
Train/Loss,2.0299999713897705,88.0
Train/Loss,2.0199999809265137,89.0
Train/Loss,2.0199999809265137,90.0
Train/Loss,2.0,91.0
Train/Loss,2.0,92.0
Train/Loss,2.0,93.0
Train/Loss,2.0,94.0
Train/Loss,1.9900000095367432,95.0
Train/Loss,1.9700000286102295,96.0
Train/Loss,1.9700000286102295,97.0
Train/Loss,1.9600000381469727,98.0
Train/Loss,1.9600000381469727,99.0
Train/Loss,1.9500000476837158,100.0
Train/Loss,1.9500000476837158,101.0
Train/Loss,1.940000057220459,102.0
Train/Loss,1.9299999475479126,103.0
Train/Loss,1.9299999475479126,104.0
Train/Loss,1.9299999475479126,105.0
Train/Loss,1.9199999570846558,106.0
Train/Loss,1.9199999570846558,107.0
Train/Loss,1.909999966621399,108.0
Train/Loss,1.899999976158142,109.0
Train/Loss,1.899999976158142,110.0
Train/Loss,1.899999976158142,111.0
Train/Loss,1.8799999952316284,112.0
Train/Loss,1.8799999952316284,113.0
Train/Loss,1.8700000047683716,114.0
Train/Loss,1.8600000143051147,115.0
Train/Loss,1.850000023841858,116.0
Train/Loss,1.8600000143051147,117.0
Train/Loss,1.8600000143051147,118.0
Train/Loss,1.840000033378601,119.0
Train/Loss,1.840000033378601,120.0
Train/Loss,1.8300000429153442,121.0
Train/Loss,1.8300000429153442,122.0
Train/Loss,1.8200000524520874,123.0
Train/Loss,1.8200000524520874,124.0
Train/Loss,1.809999942779541,125.0
Train/Loss,1.7999999523162842,126.0
Train/Loss,1.7899999618530273,127.0
Train/Loss,1.7899999618530273,128.0
Train/Loss,1.7899999618530273,129.0
Train/Loss,1.7899999618530273,130.0
Train/Loss,1.7699999809265137,131.0
Train/Loss,1.7699999809265137,132.0
Train/Loss,1.7599999904632568,133.0
Train/Loss,1.7699999809265137,134.0
Train/Loss,1.7599999904632568,135.0
Train/Loss,1.75,136.0
Train/Loss,1.75,137.0
Train/Loss,1.7400000095367432,138.0
Train/Loss,1.7400000095367432,139.0
Train/Loss,1.7400000095367432,140.0
Train/Loss,1.7300000190734863,141.0
Train/Loss,1.7200000286102295,142.0
Train/Loss,1.7200000286102295,143.0
Train/Loss,1.7100000381469727,144.0
Train/Loss,1.7100000381469727,145.0
Train/Loss,1.7000000476837158,146.0
Train/Loss,1.7000000476837158,147.0
Train/Loss,1.7000000476837158,148.0
Train/Loss,1.690000057220459,149.0
Train/Loss,1.690000057220459,150.0
Train/Loss,1.6799999475479126,151.0
Train/Loss,1.6699999570846558,152.0
Train/Loss,1.6799999475479126,153.0
Train/Loss,1.6699999570846558,154.0
Train/Loss,1.659999966621399,155.0
Train/Loss,1.649999976158142,156.0
Train/Loss,1.659999966621399,157.0
Train/Loss,1.649999976158142,158.0
Train/Loss,1.649999976158142,159.0
Train/Loss,1.6399999856948853,160.0
Train/Loss,1.6299999952316284,161.0
Train/Loss,1.6299999952316284,162.0
Train/Loss,1.6200000047683716,163.0
Train/Loss,1.6200000047683716,164.0
Train/Loss,1.6100000143051147,165.0
Train/Loss,1.6100000143051147,166.0
Train/Loss,1.6100000143051147,167.0
Train/Loss,1.6100000143051147,168.0
Train/Loss,1.600000023841858,169.0
Train/Loss,1.600000023841858,170.0
Train/Loss,1.6100000143051147,171.0
Train/Loss,1.590000033378601,172.0
Train/Loss,1.590000033378601,173.0
Train/Loss,1.590000033378601,174.0
Train/Loss,1.5800000429153442,175.0
Train/Loss,1.5800000429153442,176.0
Train/Loss,1.5700000524520874,177.0
Train/Loss,1.5700000524520874,178.0
Train/Loss,1.5700000524520874,179.0
Train/Loss,1.5700000524520874,180.0
Train/Loss,1.5700000524520874,181.0
Train/Loss,1.5700000524520874,182.0
Train/Loss,1.559999942779541,183.0
Train/Loss,1.559999942779541,184.0
Train/Loss,1.559999942779541,185.0
Train/Loss,1.5499999523162842,186.0
Train/Loss,1.559999942779541,187.0
Train/Loss,1.5499999523162842,188.0
Train/Loss,1.5499999523162842,189.0
Train/Loss,1.5499999523162842,190.0
Train/Loss,1.5399999618530273,191.0
Train/Loss,1.5399999618530273,192.0
Train/Loss,1.5399999618530273,193.0
Train/Loss,1.5299999713897705,194.0
Train/Loss,1.5399999618530273,195.0
Train/Loss,1.5399999618530273,196.0
Train/Loss,1.5399999618530273,197.0
Train/Loss,1.5399999618530273,198.0
Train/Loss,1.5299999713897705,199.0
Val/Loss,4.179999828338623,0.0
Val/Loss,3.950000047683716,1.0
Val/Loss,3.6500000953674316,2.0
Val/Loss,3.4100000858306885,3.0
Val/Loss,3.2699999809265137,4.0
Val/Loss,3.0999999046325684,5.0
Val/Loss,3.0199999809265137,6.0
Val/Loss,2.930000066757202,7.0
Val/Loss,2.859999895095825,8.0
Val/Loss,2.7899999618530273,9.0
Val/Loss,2.75,10.0
Val/Loss,2.7300000190734863,11.0
Val/Loss,2.630000114440918,12.0
Val/Loss,2.5899999141693115,13.0
Val/Loss,2.569999933242798,14.0
Val/Loss,2.5199999809265137,15.0
Val/Loss,2.5399999618530273,16.0
Val/Loss,2.4800000190734863,17.0
Val/Loss,2.5,18.0
Val/Loss,2.4100000858306885,19.0
Val/Loss,2.4200000762939453,20.0
Val/Loss,2.390000104904175,21.0
Val/Loss,2.380000114440918,22.0
Val/Loss,2.3299999237060547,23.0
Val/Loss,2.3299999237060547,24.0
Val/Loss,2.319999933242798,25.0
Val/Loss,2.309999942779541,26.0
Val/Loss,2.2799999713897705,27.0
Val/Loss,2.299999952316284,28.0
Val/Loss,2.2699999809265137,29.0
Val/Loss,2.240000009536743,30.0
Val/Loss,2.25,31.0
Val/Loss,2.240000009536743,32.0
Val/Loss,2.259999990463257,33.0
Val/Loss,2.2699999809265137,34.0
Val/Loss,2.2100000381469727,35.0
Val/Loss,2.2100000381469727,36.0
Val/Loss,2.1700000762939453,37.0
Val/Loss,2.200000047683716,38.0
Val/Loss,2.1700000762939453,39.0
Val/Loss,2.1600000858306885,40.0
Val/Loss,2.1500000953674316,41.0
Val/Loss,2.180000066757202,42.0
Val/Loss,2.140000104904175,43.0
Val/Loss,2.1500000953674316,44.0
Val/Loss,2.119999885559082,45.0
Val/Loss,2.130000114440918,46.0
Val/Loss,2.130000114440918,47.0
Val/Loss,2.1600000858306885,48.0
Val/Loss,2.119999885559082,49.0
Val/Loss,2.1700000762939453,50.0
Val/Loss,2.0999999046325684,51.0
Val/Loss,2.119999885559082,52.0
Val/Loss,2.069999933242798,53.0
Val/Loss,2.119999885559082,54.0
Val/Loss,2.0799999237060547,55.0
Val/Loss,2.0799999237060547,56.0
Val/Loss,2.0799999237060547,57.0
Val/Loss,2.0999999046325684,58.0
Val/Loss,2.0999999046325684,59.0
Val/Loss,2.0999999046325684,60.0
Val/Loss,2.0799999237060547,61.0
Val/Loss,2.069999933242798,62.0
Val/Loss,2.0999999046325684,63.0
Val/Loss,2.069999933242798,64.0
Val/Loss,2.049999952316284,65.0
Val/Loss,2.0399999618530273,66.0
Val/Loss,2.0299999713897705,67.0
Val/Loss,2.0199999809265137,68.0
Val/Loss,2.049999952316284,69.0
Val/Loss,2.0399999618530273,70.0
Val/Loss,2.0199999809265137,71.0
Val/Loss,2.0399999618530273,72.0
Val/Loss,2.0299999713897705,73.0
Val/Loss,2.0399999618530273,74.0
Val/Loss,2.0399999618530273,75.0
Val/Loss,2.0399999618530273,76.0
Val/Loss,2.009999990463257,77.0
Val/Loss,2.0199999809265137,78.0
Val/Loss,2.049999952316284,79.0
Val/Loss,2.0199999809265137,80.0
Val/Loss,2.0299999713897705,81.0
Val/Loss,2.009999990463257,82.0
Val/Loss,2.0199999809265137,83.0
Val/Loss,2.0299999713897705,84.0
Val/Loss,2.0399999618530273,85.0
Val/Loss,2.0,86.0
Val/Loss,2.0399999618530273,87.0
Val/Loss,2.0199999809265137,88.0
Val/Loss,2.009999990463257,89.0
Val/Loss,2.0,90.0
Val/Loss,2.0299999713897705,91.0
Val/Loss,2.009999990463257,92.0
Val/Loss,2.0299999713897705,93.0
Val/Loss,1.9900000095367432,94.0
Val/Loss,2.009999990463257,95.0
Val/Loss,1.9900000095367432,96.0
Val/Loss,2.0199999809265137,97.0
Val/Loss,2.0,98.0
Val/Loss,2.0,99.0
Val/Loss,2.0,100.0
Val/Loss,2.0,101.0
Val/Loss,1.9800000190734863,102.0
Val/Loss,2.0199999809265137,103.0
Val/Loss,2.0199999809265137,104.0
Val/Loss,2.0,105.0
Val/Loss,2.009999990463257,106.0
Val/Loss,1.9800000190734863,107.0
Val/Loss,2.0,108.0
Val/Loss,1.9700000286102295,109.0
Val/Loss,1.9800000190734863,110.0
Val/Loss,1.9700000286102295,111.0
Val/Loss,1.9900000095367432,112.0
Val/Loss,1.9600000381469727,113.0
Val/Loss,2.0,114.0
Val/Loss,1.9800000190734863,115.0
Val/Loss,1.9700000286102295,116.0
Val/Loss,1.9800000190734863,117.0
Val/Loss,1.9900000095367432,118.0
Val/Loss,1.940000057220459,119.0
Val/Loss,1.9600000381469727,120.0
Val/Loss,1.9600000381469727,121.0
Val/Loss,1.9700000286102295,122.0
Val/Loss,1.9700000286102295,123.0
Val/Loss,1.9600000381469727,124.0
Val/Loss,1.9500000476837158,125.0
Val/Loss,1.9800000190734863,126.0
Val/Loss,1.9800000190734863,127.0
Val/Loss,1.9800000190734863,128.0
Val/Loss,1.9600000381469727,129.0
Val/Loss,1.9600000381469727,130.0
Val/Loss,1.9800000190734863,131.0
Val/Loss,2.0,132.0
Val/Loss,1.9800000190734863,133.0
Val/Loss,1.9600000381469727,134.0
Val/Loss,1.9800000190734863,135.0
Val/Loss,1.9500000476837158,136.0
Val/Loss,1.9700000286102295,137.0
Val/Loss,1.9700000286102295,138.0
Val/Loss,1.9600000381469727,139.0
Val/Loss,1.9600000381469727,140.0
Val/Loss,1.9600000381469727,141.0
Val/Loss,1.9700000286102295,142.0
Val/Loss,1.9600000381469727,143.0
Val/Loss,1.9600000381469727,144.0
Val/Loss,1.9900000095367432,145.0
Val/Loss,1.9700000286102295,146.0
Val/Loss,1.9600000381469727,147.0
Val/Loss,1.9700000286102295,148.0
Val/Loss,1.9700000286102295,149.0
Val/Loss,1.9800000190734863,150.0
Val/Loss,1.9800000190734863,151.0
Val/Loss,1.9600000381469727,152.0
Val/Loss,1.9900000095367432,153.0
Val/Loss,1.9800000190734863,154.0
Val/Loss,1.9900000095367432,155.0
Val/Loss,1.9600000381469727,156.0
Val/Loss,1.9700000286102295,157.0
Val/Loss,1.9700000286102295,158.0
Val/Loss,1.9700000286102295,159.0
Val/Loss,1.9600000381469727,160.0
Val/Loss,1.9800000190734863,161.0
Val/Loss,1.9700000286102295,162.0
Val/Loss,1.9700000286102295,163.0
Val/Loss,1.9800000190734863,164.0
Val/Loss,1.9700000286102295,165.0
Val/Loss,1.9800000190734863,166.0
Val/Loss,1.9700000286102295,167.0
Val/Loss,1.9800000190734863,168.0
Val/Loss,1.9700000286102295,169.0
Val/Loss,1.9800000190734863,170.0
Val/Loss,1.9700000286102295,171.0
Val/Loss,1.9800000190734863,172.0
Val/Loss,1.9800000190734863,173.0
Val/Loss,1.9800000190734863,174.0
Val/Loss,1.9800000190734863,175.0
Val/Loss,1.9700000286102295,176.0
Val/Loss,1.9700000286102295,177.0
Val/Loss,1.9800000190734863,178.0
Val/Loss,1.9700000286102295,179.0
Val/Loss,1.9800000190734863,180.0
Val/Loss,1.9800000190734863,181.0
Val/Loss,1.9900000095367432,182.0
Val/Loss,1.9800000190734863,183.0
Val/Loss,1.9800000190734863,184.0
Val/Loss,1.9700000286102295,185.0
Val/Loss,1.9900000095367432,186.0
Val/Loss,1.9900000095367432,187.0
Val/Loss,1.9900000095367432,188.0
Val/Loss,1.9900000095367432,189.0
Val/Loss,1.9900000095367432,190.0
Val/Loss,2.0,191.0
Val/Loss,1.9900000095367432,192.0
Val/Loss,1.9900000095367432,193.0
Val/Loss,1.9900000095367432,194.0
Val/Loss,1.9900000095367432,195.0
Val/Loss,2.0,196.0
Val/Loss,1.9900000095367432,197.0
Val/Loss,1.9900000095367432,198.0
Val/Loss,1.9900000095367432,199.0
Common/Best Metric,11.25,0.0
Common/Best Metric,15.119999885559082,1.0
Common/Best Metric,20.030000686645508,2.0
Common/Best Metric,23.709999084472656,3.0
Common/Best Metric,26.09000015258789,4.0
Common/Best Metric,29.649999618530273,5.0
Common/Best Metric,31.6200008392334,6.0
Common/Best Metric,33.08000183105469,7.0
Common/Best Metric,34.9900016784668,8.0
Common/Best Metric,36.380001068115234,9.0
Common/Best Metric,37.619998931884766,10.0
Common/Best Metric,37.619998931884766,11.0
Common/Best Metric,40.279998779296875,12.0
Common/Best Metric,40.380001068115234,13.0
Common/Best Metric,41.310001373291016,14.0
Common/Best Metric,42.08000183105469,15.0
Common/Best Metric,42.560001373291016,16.0
Common/Best Metric,43.189998626708984,17.0
Common/Best Metric,43.189998626708984,18.0
Common/Best Metric,44.900001525878906,19.0
Common/Best Metric,44.900001525878906,20.0
Common/Best Metric,45.189998626708984,21.0
Common/Best Metric,45.25,22.0
Common/Best Metric,46.790000915527344,23.0
Common/Best Metric,46.810001373291016,24.0
Common/Best Metric,47.38999938964844,25.0
Common/Best Metric,47.38999938964844,26.0
Common/Best Metric,47.689998626708984,27.0
Common/Best Metric,47.689998626708984,28.0
Common/Best Metric,48.04999923706055,29.0
Common/Best Metric,48.790000915527344,30.0
Common/Best Metric,48.790000915527344,31.0
Common/Best Metric,48.790000915527344,32.0
Common/Best Metric,48.790000915527344,33.0
Common/Best Metric,48.790000915527344,34.0
Common/Best Metric,50.099998474121094,35.0
Common/Best Metric,50.099998474121094,36.0
Common/Best Metric,50.83000183105469,37.0
Common/Best Metric,50.83000183105469,38.0
Common/Best Metric,50.939998626708984,39.0
Common/Best Metric,51.040000915527344,40.0
Common/Best Metric,51.34000015258789,41.0
Common/Best Metric,51.34000015258789,42.0
Common/Best Metric,51.38999938964844,43.0
Common/Best Metric,51.38999938964844,44.0
Common/Best Metric,52.0,45.0
Common/Best Metric,52.0,46.0
Common/Best Metric,52.0,47.0
Common/Best Metric,52.0,48.0
Common/Best Metric,52.0,49.0
Common/Best Metric,52.0,50.0
Common/Best Metric,52.349998474121094,51.0
Common/Best Metric,52.54999923706055,52.0
Common/Best Metric,53.77000045776367,53.0
Common/Best Metric,53.77000045776367,54.0
Common/Best Metric,53.77000045776367,55.0
Common/Best Metric,53.77000045776367,56.0
Common/Best Metric,53.77000045776367,57.0
Common/Best Metric,53.77000045776367,58.0
Common/Best Metric,53.77000045776367,59.0
Common/Best Metric,53.77000045776367,60.0
Common/Best Metric,53.77000045776367,61.0
Common/Best Metric,53.77000045776367,62.0
Common/Best Metric,53.77000045776367,63.0
Common/Best Metric,54.0099983215332,64.0
Common/Best Metric,54.0099983215332,65.0
Common/Best Metric,54.0099983215332,66.0
Common/Best Metric,54.369998931884766,67.0
Common/Best Metric,54.369998931884766,68.0
Common/Best Metric,54.369998931884766,69.0
Common/Best Metric,54.54999923706055,70.0
Common/Best Metric,55.029998779296875,71.0
Common/Best Metric,55.34000015258789,72.0
Common/Best Metric,55.34000015258789,73.0
Common/Best Metric,55.34000015258789,74.0
Common/Best Metric,55.34000015258789,75.0
Common/Best Metric,55.34000015258789,76.0
Common/Best Metric,55.34000015258789,77.0
Common/Best Metric,55.34000015258789,78.0
Common/Best Metric,55.34000015258789,79.0
Common/Best Metric,55.349998474121094,80.0
Common/Best Metric,55.349998474121094,81.0
Common/Best Metric,55.349998474121094,82.0
Common/Best Metric,55.349998474121094,83.0
Common/Best Metric,55.349998474121094,84.0
Common/Best Metric,55.349998474121094,85.0
Common/Best Metric,55.43000030517578,86.0
Common/Best Metric,55.43000030517578,87.0
Common/Best Metric,55.43000030517578,88.0
Common/Best Metric,55.43000030517578,89.0
Common/Best Metric,55.810001373291016,90.0
Common/Best Metric,55.810001373291016,91.0
Common/Best Metric,55.810001373291016,92.0
Common/Best Metric,55.810001373291016,93.0
Common/Best Metric,55.810001373291016,94.0
Common/Best Metric,55.810001373291016,95.0
Common/Best Metric,56.34000015258789,96.0
Common/Best Metric,56.34000015258789,97.0
Common/Best Metric,56.34000015258789,98.0
Common/Best Metric,56.34000015258789,99.0
Common/Best Metric,56.34000015258789,100.0
Common/Best Metric,56.34000015258789,101.0
Common/Best Metric,56.34000015258789,102.0
Common/Best Metric,56.34000015258789,103.0
Common/Best Metric,56.34000015258789,104.0
Common/Best Metric,56.34000015258789,105.0
Common/Best Metric,56.34000015258789,106.0
Common/Best Metric,57.0,107.0
Common/Best Metric,57.0,108.0
Common/Best Metric,57.029998779296875,109.0
Common/Best Metric,57.029998779296875,110.0
Common/Best Metric,57.029998779296875,111.0
Common/Best Metric,57.029998779296875,112.0
Common/Best Metric,57.400001525878906,113.0
Common/Best Metric,57.400001525878906,114.0
Common/Best Metric,57.400001525878906,115.0
Common/Best Metric,57.400001525878906,116.0
Common/Best Metric,57.459999084472656,117.0
Common/Best Metric,57.459999084472656,118.0
Common/Best Metric,57.61000061035156,119.0
Common/Best Metric,57.61000061035156,120.0
Common/Best Metric,57.61000061035156,121.0
Common/Best Metric,57.61000061035156,122.0
Common/Best Metric,57.61000061035156,123.0
Common/Best Metric,57.61000061035156,124.0
Common/Best Metric,57.61000061035156,125.0
Common/Best Metric,57.61000061035156,126.0
Common/Best Metric,57.61000061035156,127.0
Common/Best Metric,57.61000061035156,128.0
Common/Best Metric,57.61000061035156,129.0
Common/Best Metric,57.650001525878906,130.0
Common/Best Metric,57.650001525878906,131.0
Common/Best Metric,57.650001525878906,132.0
Common/Best Metric,57.650001525878906,133.0
Common/Best Metric,58.02000045776367,134.0
Common/Best Metric,58.02000045776367,135.0
Common/Best Metric,58.029998779296875,136.0
Common/Best Metric,58.029998779296875,137.0
Common/Best Metric,58.029998779296875,138.0
Common/Best Metric,58.209999084472656,139.0
Common/Best Metric,58.209999084472656,140.0
Common/Best Metric,58.209999084472656,141.0
Common/Best Metric,58.209999084472656,142.0
Common/Best Metric,58.209999084472656,143.0
Common/Best Metric,58.209999084472656,144.0
Common/Best Metric,58.209999084472656,145.0
Common/Best Metric,58.209999084472656,146.0
Common/Best Metric,58.209999084472656,147.0
Common/Best Metric,58.209999084472656,148.0
Common/Best Metric,58.2599983215332,149.0
Common/Best Metric,58.2599983215332,150.0
Common/Best Metric,58.2599983215332,151.0
Common/Best Metric,58.2599983215332,152.0
Common/Best Metric,58.2599983215332,153.0
Common/Best Metric,58.2599983215332,154.0
Common/Best Metric,58.2599983215332,155.0
Common/Best Metric,58.290000915527344,156.0
Common/Best Metric,58.31999969482422,157.0
Common/Best Metric,58.68000030517578,158.0
Common/Best Metric,58.68000030517578,159.0
Common/Best Metric,58.68000030517578,160.0
Common/Best Metric,58.68000030517578,161.0
Common/Best Metric,58.68000030517578,162.0
Common/Best Metric,58.68000030517578,163.0
Common/Best Metric,58.68000030517578,164.0
Common/Best Metric,58.68000030517578,165.0
Common/Best Metric,58.68000030517578,166.0
Common/Best Metric,58.68000030517578,167.0
Common/Best Metric,58.68000030517578,168.0
Common/Best Metric,58.86000061035156,169.0
Common/Best Metric,58.86000061035156,170.0
Common/Best Metric,58.86000061035156,171.0
Common/Best Metric,58.86000061035156,172.0
Common/Best Metric,58.86000061035156,173.0
Common/Best Metric,58.86000061035156,174.0
Common/Best Metric,58.86000061035156,175.0
Common/Best Metric,58.86000061035156,176.0
Common/Best Metric,58.86000061035156,177.0
Common/Best Metric,58.86000061035156,178.0
Common/Best Metric,58.86000061035156,179.0
Common/Best Metric,58.86000061035156,180.0
Common/Best Metric,58.86000061035156,181.0
Common/Best Metric,58.86000061035156,182.0
Common/Best Metric,58.86000061035156,183.0
Common/Best Metric,58.86000061035156,184.0
Common/Best Metric,58.86000061035156,185.0
Common/Best Metric,58.86000061035156,186.0
Common/Best Metric,58.86000061035156,187.0
Common/Best Metric,58.86000061035156,188.0
Common/Best Metric,58.86000061035156,189.0
Common/Best Metric,58.86000061035156,190.0
Common/Best Metric,58.86000061035156,191.0
Common/Best Metric,58.900001525878906,192.0
Common/Best Metric,58.900001525878906,193.0
Common/Best Metric,58.900001525878906,194.0
Common/Best Metric,58.900001525878906,195.0
Common/Best Metric,58.900001525878906,196.0
Common/Best Metric,59.11000061035156,197.0
Common/Best Metric,59.11000061035156,198.0
Common/Best Metric,59.11000061035156,199.0
Val_EMA/Loss,5.320000171661377,0.0
Val_EMA/Loss,5.400000095367432,1.0
Val_EMA/Loss,5.449999809265137,2.0
Val_EMA/Loss,5.559999942779541,3.0
Val_EMA/Loss,5.789999961853027,4.0
Val_EMA/Loss,6.03000020980835,5.0
Val_EMA/Loss,6.119999885559082,6.0
Val_EMA/Loss,6.050000190734863,7.0
Val_EMA/Loss,5.949999809265137,8.0
Val_EMA/Loss,5.420000076293945,9.0
Val_EMA/Loss,4.46999979019165,10.0
Val_EMA/Loss,3.630000114440918,11.0
Val_EMA/Loss,3.0799999237060547,12.0
Val_EMA/Loss,2.7699999809265137,13.0
Val_EMA/Loss,2.5899999141693115,14.0
Val_EMA/Loss,2.4800000190734863,15.0
Val_EMA/Loss,2.4100000858306885,16.0
Val_EMA/Loss,2.359999895095825,17.0
Val_EMA/Loss,2.319999933242798,18.0
Val_EMA/Loss,2.2899999618530273,19.0
Val_EMA/Loss,2.259999990463257,20.0
Val_EMA/Loss,2.240000009536743,21.0
Val_EMA/Loss,2.2100000381469727,22.0
Val_EMA/Loss,2.190000057220459,23.0
Val_EMA/Loss,2.180000066757202,24.0
Val_EMA/Loss,2.1600000858306885,25.0
Val_EMA/Loss,2.140000104904175,26.0
Val_EMA/Loss,2.130000114440918,27.0
Val_EMA/Loss,2.109999895095825,28.0
Val_EMA/Loss,2.0999999046325684,29.0
Val_EMA/Loss,2.0899999141693115,30.0
Val_EMA/Loss,2.0799999237060547,31.0
Val_EMA/Loss,2.069999933242798,32.0
Val_EMA/Loss,2.059999942779541,33.0
Val_EMA/Loss,2.049999952316284,34.0
Val_EMA/Loss,2.0399999618530273,35.0
Val_EMA/Loss,2.0299999713897705,36.0
Val_EMA/Loss,2.0199999809265137,37.0
Val_EMA/Loss,2.009999990463257,38.0
Val_EMA/Loss,2.009999990463257,39.0
Val_EMA/Loss,2.0,40.0
Val_EMA/Loss,1.9900000095367432,41.0
Val_EMA/Loss,1.9800000190734863,42.0
Val_EMA/Loss,1.9700000286102295,43.0
Val_EMA/Loss,1.9700000286102295,44.0
Val_EMA/Loss,1.9600000381469727,45.0
Val_EMA/Loss,1.9600000381469727,46.0
Val_EMA/Loss,1.9500000476837158,47.0
Val_EMA/Loss,1.9500000476837158,48.0
Val_EMA/Loss,1.940000057220459,49.0
Val_EMA/Loss,1.940000057220459,50.0
Val_EMA/Loss,1.9299999475479126,51.0
Val_EMA/Loss,1.9299999475479126,52.0
Val_EMA/Loss,1.9199999570846558,53.0
Val_EMA/Loss,1.9199999570846558,54.0
Val_EMA/Loss,1.909999966621399,55.0
Val_EMA/Loss,1.909999966621399,56.0
Val_EMA/Loss,1.909999966621399,57.0
Val_EMA/Loss,1.899999976158142,58.0
Val_EMA/Loss,1.899999976158142,59.0
Val_EMA/Loss,1.899999976158142,60.0
Val_EMA/Loss,1.8899999856948853,61.0
Val_EMA/Loss,1.8899999856948853,62.0
Val_EMA/Loss,1.8899999856948853,63.0
Val_EMA/Loss,1.8899999856948853,64.0
Val_EMA/Loss,1.8899999856948853,65.0
Val_EMA/Loss,1.8899999856948853,66.0
Val_EMA/Loss,1.8799999952316284,67.0
Val_EMA/Loss,1.8799999952316284,68.0
Val_EMA/Loss,1.8799999952316284,69.0
Val_EMA/Loss,1.8700000047683716,70.0
Val_EMA/Loss,1.8700000047683716,71.0
Val_EMA/Loss,1.8700000047683716,72.0
Val_EMA/Loss,1.8700000047683716,73.0
Val_EMA/Loss,1.8700000047683716,74.0
Val_EMA/Loss,1.8700000047683716,75.0
Val_EMA/Loss,1.8700000047683716,76.0
Val_EMA/Loss,1.8700000047683716,77.0
Val_EMA/Loss,1.8700000047683716,78.0
Val_EMA/Loss,1.8700000047683716,79.0
Val_EMA/Loss,1.8700000047683716,80.0
Val_EMA/Loss,1.8700000047683716,81.0
Val_EMA/Loss,1.8700000047683716,82.0
Val_EMA/Loss,1.8700000047683716,83.0
Val_EMA/Loss,1.8700000047683716,84.0
Val_EMA/Loss,1.8600000143051147,85.0
Val_EMA/Loss,1.8600000143051147,86.0
Val_EMA/Loss,1.8600000143051147,87.0
Val_EMA/Loss,1.8600000143051147,88.0
Val_EMA/Loss,1.8600000143051147,89.0
Val_EMA/Loss,1.8600000143051147,90.0
Val_EMA/Loss,1.8600000143051147,91.0
Val_EMA/Loss,1.8600000143051147,92.0
Val_EMA/Loss,1.8600000143051147,93.0
Val_EMA/Loss,1.8600000143051147,94.0
Val_EMA/Loss,1.8600000143051147,95.0
Val_EMA/Loss,1.8600000143051147,96.0
Val_EMA/Loss,1.8600000143051147,97.0
Val_EMA/Loss,1.8600000143051147,98.0
Val_EMA/Loss,1.8600000143051147,99.0
Val_EMA/Loss,1.8600000143051147,100.0
Val_EMA/Loss,1.8600000143051147,101.0
Val_EMA/Loss,1.8600000143051147,102.0
Val_EMA/Loss,1.8600000143051147,103.0
Val_EMA/Loss,1.8600000143051147,104.0
Val_EMA/Loss,1.8600000143051147,105.0
Val_EMA/Loss,1.8600000143051147,106.0
Val_EMA/Loss,1.850000023841858,107.0
Val_EMA/Loss,1.850000023841858,108.0
Val_EMA/Loss,1.850000023841858,109.0
Val_EMA/Loss,1.850000023841858,110.0
Val_EMA/Loss,1.850000023841858,111.0
Val_EMA/Loss,1.850000023841858,112.0
Val_EMA/Loss,1.850000023841858,113.0
Val_EMA/Loss,1.850000023841858,114.0
Val_EMA/Loss,1.8600000143051147,115.0
Val_EMA/Loss,1.8600000143051147,116.0
Val_EMA/Loss,1.8600000143051147,117.0
Val_EMA/Loss,1.8600000143051147,118.0
Val_EMA/Loss,1.8600000143051147,119.0
Val_EMA/Loss,1.8600000143051147,120.0
Val_EMA/Loss,1.8600000143051147,121.0
Val_EMA/Loss,1.8600000143051147,122.0
Val_EMA/Loss,1.8600000143051147,123.0
Val_EMA/Loss,1.8600000143051147,124.0
Val_EMA/Loss,1.8700000047683716,125.0
Val_EMA/Loss,1.8700000047683716,126.0
Val_EMA/Loss,1.8700000047683716,127.0
Val_EMA/Loss,1.8700000047683716,128.0
Val_EMA/Loss,1.8700000047683716,129.0
Val_EMA/Loss,1.8700000047683716,130.0
Val_EMA/Loss,1.8700000047683716,131.0
Val_EMA/Loss,1.8700000047683716,132.0
Val_EMA/Loss,1.8799999952316284,133.0
Val_EMA/Loss,1.8799999952316284,134.0
Val_EMA/Loss,1.8799999952316284,135.0
Val_EMA/Loss,1.8799999952316284,136.0
Val_EMA/Loss,1.8799999952316284,137.0
Val_EMA/Loss,1.8700000047683716,138.0
Val_EMA/Loss,1.8799999952316284,139.0
Val_EMA/Loss,1.8799999952316284,140.0
Val_EMA/Loss,1.8799999952316284,141.0
Val_EMA/Loss,1.8799999952316284,142.0
Val_EMA/Loss,1.8799999952316284,143.0
Val_EMA/Loss,1.8799999952316284,144.0
Val_EMA/Loss,1.8899999856948853,145.0
Val_EMA/Loss,1.8899999856948853,146.0
Val_EMA/Loss,1.8899999856948853,147.0
Val_EMA/Loss,1.8899999856948853,148.0
Val_EMA/Loss,1.8899999856948853,149.0
Val_EMA/Loss,1.8899999856948853,150.0
Val_EMA/Loss,1.899999976158142,151.0
Val_EMA/Loss,1.899999976158142,152.0
Val_EMA/Loss,1.899999976158142,153.0
Val_EMA/Loss,1.899999976158142,154.0
Val_EMA/Loss,1.899999976158142,155.0
Val_EMA/Loss,1.909999966621399,156.0
Val_EMA/Loss,1.909999966621399,157.0
Val_EMA/Loss,1.909999966621399,158.0
Val_EMA/Loss,1.909999966621399,159.0
Val_EMA/Loss,1.909999966621399,160.0
Val_EMA/Loss,1.909999966621399,161.0
Val_EMA/Loss,1.909999966621399,162.0
Val_EMA/Loss,1.909999966621399,163.0
Val_EMA/Loss,1.9199999570846558,164.0
Val_EMA/Loss,1.9199999570846558,165.0
Val_EMA/Loss,1.9199999570846558,166.0
Val_EMA/Loss,1.9199999570846558,167.0
Val_EMA/Loss,1.9199999570846558,168.0
Val_EMA/Loss,1.9199999570846558,169.0
Val_EMA/Loss,1.9299999475479126,170.0
Val_EMA/Loss,1.9299999475479126,171.0
Val_EMA/Loss,1.9299999475479126,172.0
Val_EMA/Loss,1.9299999475479126,173.0
Val_EMA/Loss,1.9299999475479126,174.0
Val_EMA/Loss,1.9299999475479126,175.0
Val_EMA/Loss,1.9299999475479126,176.0
Val_EMA/Loss,1.9299999475479126,177.0
Val_EMA/Loss,1.940000057220459,178.0
Val_EMA/Loss,1.940000057220459,179.0
Val_EMA/Loss,1.940000057220459,180.0
Val_EMA/Loss,1.940000057220459,181.0
Val_EMA/Loss,1.940000057220459,182.0
Val_EMA/Loss,1.940000057220459,183.0
Val_EMA/Loss,1.9500000476837158,184.0
Val_EMA/Loss,1.9500000476837158,185.0
Val_EMA/Loss,1.9500000476837158,186.0
Val_EMA/Loss,1.9500000476837158,187.0
Val_EMA/Loss,1.9500000476837158,188.0
Val_EMA/Loss,1.9500000476837158,189.0
Val_EMA/Loss,1.9500000476837158,190.0
Val_EMA/Loss,1.9500000476837158,191.0
Val_EMA/Loss,1.9600000381469727,192.0
Val_EMA/Loss,1.9600000381469727,193.0
Val_EMA/Loss,1.9600000381469727,194.0
Val_EMA/Loss,1.9600000381469727,195.0
Val_EMA/Loss,1.9600000381469727,196.0
Val_EMA/Loss,1.9600000381469727,197.0
Val_EMA/Loss,1.9600000381469727,198.0
Val_EMA/Loss,1.9600000381469727,199.0
Train/Top1,6.099999904632568,0.0
Train/Top1,12.109999656677246,1.0
Train/Top1,15.6899995803833,2.0
Train/Top1,19.459999084472656,3.0
Train/Top1,22.06999969482422,4.0
Train/Top1,24.459999084472656,5.0
Train/Top1,26.450000762939453,6.0
Train/Top1,28.18000030517578,7.0
Train/Top1,29.670000076293945,8.0
Train/Top1,30.8700008392334,9.0
Train/Top1,32.029998779296875,10.0
Train/Top1,33.16999816894531,11.0
Train/Top1,34.0099983215332,12.0
Train/Top1,35.029998779296875,13.0
Train/Top1,35.72999954223633,14.0
Train/Top1,36.52000045776367,15.0
Train/Top1,37.0,16.0
Train/Top1,37.849998474121094,17.0
Train/Top1,38.33000183105469,18.0
Train/Top1,38.90999984741211,19.0
Train/Top1,39.560001373291016,20.0
Train/Top1,39.72999954223633,21.0
Train/Top1,40.2400016784668,22.0
Train/Top1,40.77000045776367,23.0
Train/Top1,41.31999969482422,24.0
Train/Top1,41.84000015258789,25.0
Train/Top1,42.27000045776367,26.0
Train/Top1,42.099998474121094,27.0
Train/Top1,42.86000061035156,28.0
Train/Top1,43.2400016784668,29.0
Train/Top1,43.400001525878906,30.0
Train/Top1,43.68000030517578,31.0
Train/Top1,44.13999938964844,32.0
Train/Top1,44.43000030517578,33.0
Train/Top1,44.5099983215332,34.0
Train/Top1,44.880001068115234,35.0
Train/Top1,45.2599983215332,36.0
Train/Top1,45.40999984741211,37.0
Train/Top1,45.79999923706055,38.0
Train/Top1,45.63999938964844,39.0
Train/Top1,45.939998626708984,40.0
Train/Top1,46.38999938964844,41.0
Train/Top1,46.47999954223633,42.0
Train/Top1,46.849998474121094,43.0
Train/Top1,46.939998626708984,44.0
Train/Top1,47.099998474121094,45.0
Train/Top1,47.45000076293945,46.0
Train/Top1,47.65999984741211,47.0
Train/Top1,47.81999969482422,48.0
Train/Top1,47.810001373291016,49.0
Train/Top1,48.08000183105469,50.0
Train/Top1,48.380001068115234,51.0
Train/Top1,48.61000061035156,52.0
Train/Top1,48.93000030517578,53.0
Train/Top1,48.849998474121094,54.0
Train/Top1,49.290000915527344,55.0
Train/Top1,49.13999938964844,56.0
Train/Top1,49.560001373291016,57.0
Train/Top1,49.43000030517578,58.0
Train/Top1,49.88999938964844,59.0
Train/Top1,49.970001220703125,60.0
Train/Top1,50.040000915527344,61.0
Train/Top1,50.25,62.0
Train/Top1,50.400001525878906,63.0
Train/Top1,50.529998779296875,64.0
Train/Top1,50.540000915527344,65.0
Train/Top1,50.58000183105469,66.0
Train/Top1,51.029998779296875,67.0
Train/Top1,51.40999984741211,68.0
Train/Top1,51.459999084472656,69.0
Train/Top1,51.4900016784668,70.0
Train/Top1,51.619998931884766,71.0
Train/Top1,51.810001373291016,72.0
Train/Top1,51.97999954223633,73.0
Train/Top1,51.88999938964844,74.0
Train/Top1,52.20000076293945,75.0
Train/Top1,52.45000076293945,76.0
Train/Top1,52.150001525878906,77.0
Train/Top1,52.54999923706055,78.0
Train/Top1,52.86000061035156,79.0
Train/Top1,52.84000015258789,80.0
Train/Top1,52.93000030517578,81.0
Train/Top1,53.18000030517578,82.0
Train/Top1,53.29999923706055,83.0
Train/Top1,53.45000076293945,84.0
Train/Top1,53.849998474121094,85.0
Train/Top1,53.66999816894531,86.0
Train/Top1,53.689998626708984,87.0
Train/Top1,53.90999984741211,88.0
Train/Top1,54.0,89.0
Train/Top1,54.290000915527344,90.0
Train/Top1,54.29999923706055,91.0
Train/Top1,54.56999969482422,92.0
Train/Top1,54.790000915527344,93.0
Train/Top1,54.810001373291016,94.0
Train/Top1,54.849998474121094,95.0
Train/Top1,55.25,96.0
Train/Top1,55.36000061035156,97.0
Train/Top1,55.41999816894531,98.0
Train/Top1,55.720001220703125,99.0
Train/Top1,55.63999938964844,100.0
Train/Top1,55.91999816894531,101.0
Train/Top1,56.029998779296875,102.0
Train/Top1,56.20000076293945,103.0
Train/Top1,56.279998779296875,104.0
Train/Top1,56.20000076293945,105.0
Train/Top1,56.45000076293945,106.0
Train/Top1,56.65999984741211,107.0
Train/Top1,56.81999969482422,108.0
Train/Top1,56.810001373291016,109.0
Train/Top1,57.040000915527344,110.0
Train/Top1,57.2400016784668,111.0
Train/Top1,57.369998931884766,112.0
Train/Top1,57.56999969482422,113.0
Train/Top1,57.61000061035156,114.0
Train/Top1,57.7599983215332,115.0
Train/Top1,58.209999084472656,116.0
Train/Top1,57.849998474121094,117.0
Train/Top1,57.91999816894531,118.0
Train/Top1,58.27000045776367,119.0
Train/Top1,58.52000045776367,120.0
Train/Top1,58.58000183105469,121.0
Train/Top1,58.400001525878906,122.0
Train/Top1,58.72999954223633,123.0
Train/Top1,58.7599983215332,124.0
Train/Top1,59.06999969482422,125.0
Train/Top1,59.31999969482422,126.0
Train/Top1,59.45000076293945,127.0
Train/Top1,59.540000915527344,128.0
Train/Top1,59.63999938964844,129.0
Train/Top1,59.61000061035156,130.0
Train/Top1,59.77000045776367,131.0
Train/Top1,60.040000915527344,132.0
Train/Top1,60.029998779296875,133.0
Train/Top1,60.02000045776367,134.0
Train/Top1,60.369998931884766,135.0
Train/Top1,60.40999984741211,136.0
Train/Top1,60.45000076293945,137.0
Train/Top1,60.59000015258789,138.0
Train/Top1,60.849998474121094,139.0
Train/Top1,60.66999816894531,140.0
Train/Top1,60.959999084472656,141.0
Train/Top1,61.130001068115234,142.0
Train/Top1,61.33000183105469,143.0
Train/Top1,61.470001220703125,144.0
Train/Top1,61.47999954223633,145.0
Train/Top1,61.869998931884766,146.0
Train/Top1,61.650001525878906,147.0
Train/Top1,61.91999816894531,148.0
Train/Top1,61.9900016784668,149.0
Train/Top1,62.209999084472656,150.0
Train/Top1,62.40999984741211,151.0
Train/Top1,62.7400016784668,152.0
Train/Top1,62.380001068115234,153.0
Train/Top1,62.619998931884766,154.0
Train/Top1,62.75,155.0
Train/Top1,62.849998474121094,156.0
Train/Top1,63.0,157.0
Train/Top1,62.90999984741211,158.0
Train/Top1,63.029998779296875,159.0
Train/Top1,63.29999923706055,160.0
Train/Top1,63.58000183105469,161.0
Train/Top1,63.43000030517578,162.0
Train/Top1,63.66999816894531,163.0
Train/Top1,63.75,164.0
Train/Top1,64.01000213623047,165.0
Train/Top1,64.08999633789062,166.0
Train/Top1,63.91999816894531,167.0
Train/Top1,64.1500015258789,168.0
Train/Top1,64.05000305175781,169.0
Train/Top1,64.23999786376953,170.0
Train/Top1,64.38999938964844,171.0
Train/Top1,64.52999877929688,172.0
Train/Top1,64.54000091552734,173.0
Train/Top1,64.69000244140625,174.0
Train/Top1,64.69000244140625,175.0
Train/Top1,64.87000274658203,176.0
Train/Top1,65.0,177.0
Train/Top1,65.16000366210938,178.0
Train/Top1,65.01000213623047,179.0
Train/Top1,65.23999786376953,180.0
Train/Top1,65.05000305175781,181.0
Train/Top1,65.18000030517578,182.0
Train/Top1,65.37999725341797,183.0
Train/Top1,65.41000366210938,184.0
Train/Top1,65.19000244140625,185.0
Train/Top1,65.6500015258789,186.0
Train/Top1,65.55999755859375,187.0
Train/Top1,65.45999908447266,188.0
Train/Top1,65.76000213623047,189.0
Train/Top1,65.55000305175781,190.0
Train/Top1,65.88999938964844,191.0
Train/Top1,65.80000305175781,192.0
Train/Top1,65.94000244140625,193.0
Train/Top1,65.94999694824219,194.0
Train/Top1,65.98999786376953,195.0
Train/Top1,65.77999877929688,196.0
Train/Top1,66.05000305175781,197.0
Train/Top1,65.95999908447266,198.0
Train/Top1,66.06999969482422,199.0
Val/Top1,11.25,0.0
Val/Top1,15.119999885559082,1.0
Val/Top1,20.030000686645508,2.0
Val/Top1,23.709999084472656,3.0
Val/Top1,26.09000015258789,4.0
Val/Top1,29.649999618530273,5.0
Val/Top1,31.6200008392334,6.0
Val/Top1,33.08000183105469,7.0
Val/Top1,34.9900016784668,8.0
Val/Top1,36.380001068115234,9.0
Val/Top1,37.619998931884766,10.0
Val/Top1,37.59000015258789,11.0
Val/Top1,40.279998779296875,12.0
Val/Top1,40.380001068115234,13.0
Val/Top1,41.310001373291016,14.0
Val/Top1,42.08000183105469,15.0
Val/Top1,42.560001373291016,16.0
Val/Top1,43.189998626708984,17.0
Val/Top1,42.93000030517578,18.0
Val/Top1,44.900001525878906,19.0
Val/Top1,44.5099983215332,20.0
Val/Top1,45.189998626708984,21.0
Val/Top1,45.25,22.0
Val/Top1,46.790000915527344,23.0
Val/Top1,46.810001373291016,24.0
Val/Top1,47.38999938964844,25.0
Val/Top1,46.84000015258789,26.0
Val/Top1,47.689998626708984,27.0
Val/Top1,47.68000030517578,28.0
Val/Top1,48.04999923706055,29.0
Val/Top1,48.790000915527344,30.0
Val/Top1,48.52000045776367,31.0
Val/Top1,48.75,32.0
Val/Top1,48.54999923706055,33.0
Val/Top1,48.41999816894531,34.0
Val/Top1,50.099998474121094,35.0
Val/Top1,49.810001373291016,36.0
Val/Top1,50.83000183105469,37.0
Val/Top1,49.70000076293945,38.0
Val/Top1,50.939998626708984,39.0
Val/Top1,51.040000915527344,40.0
Val/Top1,51.34000015258789,41.0
Val/Top1,50.52000045776367,42.0
Val/Top1,51.38999938964844,43.0
Val/Top1,51.0099983215332,44.0
Val/Top1,52.0,45.0
Val/Top1,51.88999938964844,46.0
Val/Top1,51.4900016784668,47.0
Val/Top1,51.189998626708984,48.0
Val/Top1,51.93000030517578,49.0
Val/Top1,51.560001373291016,50.0
Val/Top1,52.349998474121094,51.0
Val/Top1,52.54999923706055,52.0
Val/Top1,53.77000045776367,53.0
Val/Top1,52.369998931884766,54.0
Val/Top1,53.099998474121094,55.0
Val/Top1,52.709999084472656,56.0
Val/Top1,53.040000915527344,57.0
Val/Top1,52.59000015258789,58.0
Val/Top1,52.58000183105469,59.0
Val/Top1,52.95000076293945,60.0
Val/Top1,53.060001373291016,61.0
Val/Top1,53.310001373291016,62.0
Val/Top1,52.83000183105469,63.0
Val/Top1,54.0099983215332,64.0
Val/Top1,53.849998474121094,65.0
Val/Top1,53.7599983215332,66.0
Val/Top1,54.369998931884766,67.0
Val/Top1,54.349998474121094,68.0
Val/Top1,53.83000183105469,69.0
Val/Top1,54.54999923706055,70.0
Val/Top1,55.029998779296875,71.0
Val/Top1,55.34000015258789,72.0
Val/Top1,54.4900016784668,73.0
Val/Top1,54.86000061035156,74.0
Val/Top1,54.43000030517578,75.0
Val/Top1,54.61000061035156,76.0
Val/Top1,55.029998779296875,77.0
Val/Top1,54.779998779296875,78.0
Val/Top1,54.189998626708984,79.0
Val/Top1,55.349998474121094,80.0
Val/Top1,54.560001373291016,81.0
Val/Top1,54.970001220703125,82.0
Val/Top1,54.4900016784668,83.0
Val/Top1,54.70000076293945,84.0
Val/Top1,55.08000183105469,85.0
Val/Top1,55.43000030517578,86.0
Val/Top1,54.84000015258789,87.0
Val/Top1,55.25,88.0
Val/Top1,55.029998779296875,89.0
Val/Top1,55.810001373291016,90.0
Val/Top1,55.290000915527344,91.0
Val/Top1,55.41999816894531,92.0
Val/Top1,55.20000076293945,93.0
Val/Top1,55.72999954223633,94.0
Val/Top1,55.52000045776367,95.0
Val/Top1,56.34000015258789,96.0
Val/Top1,55.5,97.0
Val/Top1,56.29999923706055,98.0
Val/Top1,55.7400016784668,99.0
Val/Top1,55.63999938964844,100.0
Val/Top1,55.650001525878906,101.0
Val/Top1,56.279998779296875,102.0
Val/Top1,55.939998626708984,103.0
Val/Top1,55.75,104.0
Val/Top1,56.06999969482422,105.0
Val/Top1,55.709999084472656,106.0
Val/Top1,57.0,107.0
Val/Top1,55.97999954223633,108.0
Val/Top1,57.029998779296875,109.0
Val/Top1,56.5,110.0
Val/Top1,57.0099983215332,111.0
Val/Top1,56.529998779296875,112.0
Val/Top1,57.400001525878906,113.0
Val/Top1,56.290000915527344,114.0
Val/Top1,56.709999084472656,115.0
Val/Top1,56.7400016784668,116.0
Val/Top1,57.459999084472656,117.0
Val/Top1,56.77000045776367,118.0
Val/Top1,57.61000061035156,119.0
Val/Top1,57.43000030517578,120.0
Val/Top1,57.13999938964844,121.0
Val/Top1,57.060001373291016,122.0
Val/Top1,57.54999923706055,123.0
Val/Top1,57.5099983215332,124.0
Val/Top1,57.099998474121094,125.0
Val/Top1,57.04999923706055,126.0
Val/Top1,57.040000915527344,127.0
Val/Top1,56.5,128.0
Val/Top1,57.29999923706055,129.0
Val/Top1,57.650001525878906,130.0
Val/Top1,57.63999938964844,131.0
Val/Top1,56.810001373291016,132.0
Val/Top1,57.2400016784668,133.0
Val/Top1,58.02000045776367,134.0
Val/Top1,57.81999969482422,135.0
Val/Top1,58.029998779296875,136.0
Val/Top1,57.959999084472656,137.0
Val/Top1,57.380001068115234,138.0
Val/Top1,58.209999084472656,139.0
Val/Top1,57.779998779296875,140.0
Val/Top1,58.040000915527344,141.0
Val/Top1,57.880001068115234,142.0
Val/Top1,58.15999984741211,143.0
Val/Top1,58.16999816894531,144.0
Val/Top1,57.720001220703125,145.0
Val/Top1,57.72999954223633,146.0
Val/Top1,57.970001220703125,147.0
Val/Top1,57.77000045776367,148.0
Val/Top1,58.2599983215332,149.0
Val/Top1,57.72999954223633,150.0
Val/Top1,58.2400016784668,151.0
Val/Top1,58.130001068115234,152.0
Val/Top1,58.119998931884766,153.0
Val/Top1,57.790000915527344,154.0
Val/Top1,57.93000030517578,155.0
Val/Top1,58.290000915527344,156.0
Val/Top1,58.31999969482422,157.0
Val/Top1,58.68000030517578,158.0
Val/Top1,58.5099983215332,159.0
Val/Top1,58.63999938964844,160.0
Val/Top1,58.59000015258789,161.0
Val/Top1,58.599998474121094,162.0
Val/Top1,58.400001525878906,163.0
Val/Top1,58.189998626708984,164.0
Val/Top1,58.4900016784668,165.0
Val/Top1,58.2400016784668,166.0
Val/Top1,58.310001373291016,167.0
Val/Top1,58.560001373291016,168.0
Val/Top1,58.86000061035156,169.0
Val/Top1,58.38999938964844,170.0
Val/Top1,58.849998474121094,171.0
Val/Top1,58.5099983215332,172.0
Val/Top1,58.119998931884766,173.0
Val/Top1,58.56999969482422,174.0
Val/Top1,58.61000061035156,175.0
Val/Top1,58.529998779296875,176.0
Val/Top1,58.5,177.0
Val/Top1,58.619998931884766,178.0
Val/Top1,58.56999969482422,179.0
Val/Top1,58.29999923706055,180.0
Val/Top1,58.650001525878906,181.0
Val/Top1,58.7599983215332,182.0
Val/Top1,58.59000015258789,183.0
Val/Top1,58.33000183105469,184.0
Val/Top1,58.79999923706055,185.0
Val/Top1,58.619998931884766,186.0
Val/Top1,58.529998779296875,187.0
Val/Top1,58.63999938964844,188.0
Val/Top1,58.689998626708984,189.0
Val/Top1,58.58000183105469,190.0
Val/Top1,58.529998779296875,191.0
Val/Top1,58.900001525878906,192.0
Val/Top1,58.52000045776367,193.0
Val/Top1,58.52000045776367,194.0
Val/Top1,58.290000915527344,195.0
Val/Top1,58.029998779296875,196.0
Val/Top1,59.11000061035156,197.0
Val/Top1,58.31999969482422,198.0
Val/Top1,58.369998931884766,199.0
Val_EMA/Top1,0.5,0.0
Val_EMA/Top1,0.5,1.0
Val_EMA/Top1,0.5,2.0
Val_EMA/Top1,0.5,3.0
Val_EMA/Top1,0.5,4.0
Val_EMA/Top1,0.5,5.0
Val_EMA/Top1,0.5,6.0
Val_EMA/Top1,0.5400000214576721,7.0
Val_EMA/Top1,1.0199999809265137,8.0
Val_EMA/Top1,3.619999885559082,9.0
Val_EMA/Top1,10.539999961853027,10.0
Val_EMA/Top1,20.420000076293945,11.0
Val_EMA/Top1,30.309999465942383,12.0
Val_EMA/Top1,36.66999816894531,13.0
Val_EMA/Top1,40.689998626708984,14.0
Val_EMA/Top1,43.06999969482422,15.0
Val_EMA/Top1,44.66999816894531,16.0
Val_EMA/Top1,45.91999816894531,17.0
Val_EMA/Top1,46.7599983215332,18.0
Val_EMA/Top1,47.41999816894531,19.0
Val_EMA/Top1,48.2400016784668,20.0
Val_EMA/Top1,49.0099983215332,21.0
Val_EMA/Top1,49.0,22.0
Val_EMA/Top1,49.68000030517578,23.0
Val_EMA/Top1,50.20000076293945,24.0
Val_EMA/Top1,50.65999984741211,25.0
Val_EMA/Top1,51.279998779296875,26.0
Val_EMA/Top1,51.61000061035156,27.0
Val_EMA/Top1,52.029998779296875,28.0
Val_EMA/Top1,52.29999923706055,29.0
Val_EMA/Top1,52.63999938964844,30.0
Val_EMA/Top1,53.0099983215332,31.0
Val_EMA/Top1,53.22999954223633,32.0
Val_EMA/Top1,53.47999954223633,33.0
Val_EMA/Top1,53.66999816894531,34.0
Val_EMA/Top1,53.779998779296875,35.0
Val_EMA/Top1,54.130001068115234,36.0
Val_EMA/Top1,54.439998626708984,37.0
Val_EMA/Top1,54.54999923706055,38.0
Val_EMA/Top1,54.619998931884766,39.0
Val_EMA/Top1,54.7400016784668,40.0
Val_EMA/Top1,54.95000076293945,41.0
Val_EMA/Top1,55.2599983215332,42.0
Val_EMA/Top1,55.380001068115234,43.0
Val_EMA/Top1,55.630001068115234,44.0
Val_EMA/Top1,55.86000061035156,45.0
Val_EMA/Top1,56.099998474121094,46.0
Val_EMA/Top1,56.08000183105469,47.0
Val_EMA/Top1,56.29999923706055,48.0
Val_EMA/Top1,56.58000183105469,49.0
Val_EMA/Top1,56.599998474121094,50.0
Val_EMA/Top1,56.779998779296875,51.0
Val_EMA/Top1,57.15999984741211,52.0
Val_EMA/Top1,57.20000076293945,53.0
Val_EMA/Top1,57.09000015258789,54.0
Val_EMA/Top1,57.2400016784668,55.0
Val_EMA/Top1,57.56999969482422,56.0
Val_EMA/Top1,57.52000045776367,57.0
Val_EMA/Top1,57.7599983215332,58.0
Val_EMA/Top1,57.5099983215332,59.0
Val_EMA/Top1,57.619998931884766,60.0
Val_EMA/Top1,57.790000915527344,61.0
Val_EMA/Top1,57.689998626708984,62.0
Val_EMA/Top1,57.81999969482422,63.0
Val_EMA/Top1,57.900001525878906,64.0
Val_EMA/Top1,57.970001220703125,65.0
Val_EMA/Top1,58.06999969482422,66.0
Val_EMA/Top1,58.22999954223633,67.0
Val_EMA/Top1,58.2599983215332,68.0
Val_EMA/Top1,58.4900016784668,69.0
Val_EMA/Top1,58.4900016784668,70.0
Val_EMA/Top1,58.459999084472656,71.0
Val_EMA/Top1,58.45000076293945,72.0
Val_EMA/Top1,58.459999084472656,73.0
Val_EMA/Top1,58.540000915527344,74.0
Val_EMA/Top1,58.65999984741211,75.0
Val_EMA/Top1,58.33000183105469,76.0
Val_EMA/Top1,58.38999938964844,77.0
Val_EMA/Top1,58.56999969482422,78.0
Val_EMA/Top1,58.45000076293945,79.0
Val_EMA/Top1,58.45000076293945,80.0
Val_EMA/Top1,58.380001068115234,81.0
Val_EMA/Top1,58.5,82.0
Val_EMA/Top1,58.5099983215332,83.0
Val_EMA/Top1,58.7400016784668,84.0
Val_EMA/Top1,58.779998779296875,85.0
Val_EMA/Top1,59.029998779296875,86.0
Val_EMA/Top1,58.84000015258789,87.0
Val_EMA/Top1,58.959999084472656,88.0
Val_EMA/Top1,58.849998474121094,89.0
Val_EMA/Top1,58.86000061035156,90.0
Val_EMA/Top1,58.83000183105469,91.0
Val_EMA/Top1,59.04999923706055,92.0
Val_EMA/Top1,59.11000061035156,93.0
Val_EMA/Top1,59.150001525878906,94.0
Val_EMA/Top1,59.25,95.0
Val_EMA/Top1,59.150001525878906,96.0
Val_EMA/Top1,59.33000183105469,97.0
Val_EMA/Top1,59.4900016784668,98.0
Val_EMA/Top1,59.540000915527344,99.0
Val_EMA/Top1,59.41999816894531,100.0
Val_EMA/Top1,59.31999969482422,101.0
Val_EMA/Top1,59.45000076293945,102.0
Val_EMA/Top1,59.54999923706055,103.0
Val_EMA/Top1,59.65999984741211,104.0
Val_EMA/Top1,59.689998626708984,105.0
Val_EMA/Top1,59.58000183105469,106.0
Val_EMA/Top1,59.47999954223633,107.0
Val_EMA/Top1,59.459999084472656,108.0
Val_EMA/Top1,59.439998626708984,109.0
Val_EMA/Top1,59.880001068115234,110.0
Val_EMA/Top1,59.709999084472656,111.0
Val_EMA/Top1,59.66999816894531,112.0
Val_EMA/Top1,59.630001068115234,113.0
Val_EMA/Top1,59.7400016784668,114.0
Val_EMA/Top1,59.79999923706055,115.0
Val_EMA/Top1,59.97999954223633,116.0
Val_EMA/Top1,60.18000030517578,117.0
Val_EMA/Top1,59.779998779296875,118.0
Val_EMA/Top1,59.77000045776367,119.0
Val_EMA/Top1,59.83000183105469,120.0
Val_EMA/Top1,59.849998474121094,121.0
Val_EMA/Top1,60.029998779296875,122.0
Val_EMA/Top1,60.02000045776367,123.0
Val_EMA/Top1,59.959999084472656,124.0
Val_EMA/Top1,60.0099983215332,125.0
Val_EMA/Top1,59.97999954223633,126.0
Val_EMA/Top1,59.84000015258789,127.0
Val_EMA/Top1,59.72999954223633,128.0
Val_EMA/Top1,59.66999816894531,129.0
Val_EMA/Top1,59.52000045776367,130.0
Val_EMA/Top1,59.310001373291016,131.0
Val_EMA/Top1,59.619998931884766,132.0
Val_EMA/Top1,59.540000915527344,133.0
Val_EMA/Top1,59.54999923706055,134.0
Val_EMA/Top1,59.810001373291016,135.0
Val_EMA/Top1,59.779998779296875,136.0
Val_EMA/Top1,59.970001220703125,137.0
Val_EMA/Top1,59.7400016784668,138.0
Val_EMA/Top1,59.7400016784668,139.0
Val_EMA/Top1,60.11000061035156,140.0
Val_EMA/Top1,59.810001373291016,141.0
Val_EMA/Top1,59.79999923706055,142.0
Val_EMA/Top1,59.72999954223633,143.0
Val_EMA/Top1,59.689998626708984,144.0
Val_EMA/Top1,59.599998474121094,145.0
Val_EMA/Top1,59.65999984741211,146.0
Val_EMA/Top1,59.66999816894531,147.0
Val_EMA/Top1,59.400001525878906,148.0
Val_EMA/Top1,59.470001220703125,149.0
Val_EMA/Top1,59.40999984741211,150.0
Val_EMA/Top1,59.619998931884766,151.0
Val_EMA/Top1,59.459999084472656,152.0
Val_EMA/Top1,59.400001525878906,153.0
Val_EMA/Top1,59.43000030517578,154.0
Val_EMA/Top1,59.349998474121094,155.0
Val_EMA/Top1,59.150001525878906,156.0
Val_EMA/Top1,59.4900016784668,157.0
Val_EMA/Top1,59.540000915527344,158.0
Val_EMA/Top1,59.540000915527344,159.0
Val_EMA/Top1,59.650001525878906,160.0
Val_EMA/Top1,59.54999923706055,161.0
Val_EMA/Top1,59.65999984741211,162.0
Val_EMA/Top1,59.5099983215332,163.0
Val_EMA/Top1,59.619998931884766,164.0
Val_EMA/Top1,59.630001068115234,165.0
Val_EMA/Top1,59.66999816894531,166.0
Val_EMA/Top1,59.61000061035156,167.0
Val_EMA/Top1,59.63999938964844,168.0
Val_EMA/Top1,59.61000061035156,169.0
Val_EMA/Top1,59.689998626708984,170.0
Val_EMA/Top1,59.63999938964844,171.0
Val_EMA/Top1,59.61000061035156,172.0
Val_EMA/Top1,59.61000061035156,173.0
Val_EMA/Top1,59.5,174.0
Val_EMA/Top1,59.459999084472656,175.0
Val_EMA/Top1,59.4900016784668,176.0
Val_EMA/Top1,59.400001525878906,177.0
Val_EMA/Top1,59.369998931884766,178.0
Val_EMA/Top1,59.43000030517578,179.0
Val_EMA/Top1,59.380001068115234,180.0
Val_EMA/Top1,59.31999969482422,181.0
Val_EMA/Top1,59.25,182.0
Val_EMA/Top1,59.369998931884766,183.0
Val_EMA/Top1,59.36000061035156,184.0
Val_EMA/Top1,59.31999969482422,185.0
Val_EMA/Top1,59.349998474121094,186.0
Val_EMA/Top1,59.279998779296875,187.0
Val_EMA/Top1,59.36000061035156,188.0
Val_EMA/Top1,59.150001525878906,189.0
Val_EMA/Top1,59.209999084472656,190.0
Val_EMA/Top1,59.310001373291016,191.0
Val_EMA/Top1,59.41999816894531,192.0
Val_EMA/Top1,59.36000061035156,193.0
Val_EMA/Top1,59.43000030517578,194.0
Val_EMA/Top1,59.380001068115234,195.0
Val_EMA/Top1,59.29999923706055,196.0
Val_EMA/Top1,59.209999084472656,197.0
Val_EMA/Top1,59.310001373291016,198.0
Val_EMA/Top1,59.150001525878906,199.0
